GMT,Max TemperatureC,Mean TemperatureC,Min TemperatureC,Dew PointC,MeanDew PointC,Min DewpointC,Max Humidity, Mean Humidity, Min Humidity, Max Sea Level PressurehPa, Mean Sea Level PressurehPa, Min Sea Level PressurehPa, Max VisibilityKm, Mean VisibilityKm, Min VisibilitykM, Max Wind SpeedKm/h, Mean Wind SpeedKm/h, Max Gust SpeedKm/h,Precipitationmm, CloudCover, Events,WindDirDegrees
01-01-2015,12,8,4,11,7,3,94,88,78,1033,1027,1020,18,9,5,39,21,60,0.51,7,Rain,209
02-01-2015,11,7,4,12,4,0,94,70,41,1035,1029,1019,31,16,3,35,24,50,0,2,Rain,258
03-01-2015,6,4,2,6,3,1,100,91,70,1033,1024,1014,31,10,2,19,10,,7.11,5,Rain,19
04-01-2015,3,1,-2,3,1,-2,100,97,90,1037,1035,1031,13,4,0,13,6,27,0,6,Fog,225
05-01-2015,10,6,2,8,5,2,100,86,67,1034,1029,1023,31,10,3,19,10,,0.25,6,,199
06-01-2015,10,6,2,9,4,1,100,83,63,1027,1021,1017,31,14,5,32,14,39,1.02,5,Rain,226
07-01-2015,10,6,1,9,4,-1,100,84,59,1027,1023,1018,29,14,10,34,14,53,0.25,4,Rain,211
08-01-2015,11,9,7,10,7,3,95,82,66,1027,1021,1016,31,13,3,34,23,,11.94,4,Rain,245
09-01-2015,16,11,6,13,9,5,94,79,57,1024,1018,1014,31,13,8,52,32,71,0,4,Rain,246
10-01-2015,14,9,4,11,5,-3,94,69,33,1020,1015,1009,31,13,8,61,35,69,0.76,4,Rain,258
11-01-2015,9,6,2,5,2,-1,87,71,47,1025,1022,1019,31,17,10,34,24,,0.51,4,Rain,253
12-01-2015,12,9,7,11,8,4,94,82,62,1020,1010,1002,31,13,3,42,29,66,3.05,5,Rain,225
13-01-2015,9,6,3,10,5,0,94,82,66,1004,1002,1000,31,13,5,35,24,47,2.03,3,Rain-Thunderstorm,238
14-01-2015,9,6,2,7,2,-1,93,74,47,1009,1004,992,31,13,8,42,26,60,2.03,3,Rain,223
15-01-2015,9,7,5,9,3,-2,94,71,40,997,991,987,31,13,5,53,34,69,0.51,3,Rain,227
16-01-2015,7,4,0,3,1,-1,93,73,47,1013,1005,998,31,20,10,34,19,48,0.25,1,Rain,255
17-01-2015,7,2,-3,2,-1,-4,93,80,54,1014,1012,1011,31,16,10,21,13,,0.25,1,Rain,224
18-01-2015,4,1,-1,3,1,-2,100,87,66,1015,1012,1010,27,11,5,11,6,,0,3,Rain,314
19-01-2015,5,2,-2,1,-1,-3,100,79,49,1016,1014,1012,31,12,5,13,6,,0,4,,298
20-01-2015,5,-1,-7,1,-2,-7,100,83,59,1012,1010,1005,31,11,5,26,6,,0.25,2,Fog-Rain,133
21-01-2015,4,3,2,2,2,0,95,88,71,1014,1008,1004,27,9,5,24,18,,0.25,6,Rain,105
22-01-2015,4,1,-2,1,-1,-3,100,81,52,1026,1020,1014,11,7,3,11,6,,0,4,,13
23-01-2015,7,-1,-8,7,-1,-8,100,87,62,1027,1024,1017,11,7,3,23,8,,1.02,6,Fog-Rain,215
24-01-2015,7,4,1,8,1,-2,100,75,49,1032,1026,1016,31,17,5,26,16,,0,3,Rain,295
25-01-2015,8,3,-2,6,2,-3,100,81,57,1033,1030,1025,31,15,10,27,11,,0.25,6,,246
26-01-2015,9,7,4,9,4,1,94,77,49,1028,1024,1021,31,16,10,23,16,,0.25,4,Rain,285
27-01-2015,9,6,2,4,3,0,93,77,60,1029,1026,1019,31,18,10,21,13,,0,5,,272
28-01-2015,11,7,3,9,2,-3,94,73,35,1020,1006,999,31,14,6,48,27,55,1.02,5,Rain,247
29-01-2015,7,4,1,2,0,-2,93,80,55,1002,985,977,31,15,8,34,26,,1.02,2,Rain,255
30-01-2015,7,3,1,2,1,-1,93,79,56,981,979,975,31,15,9,23,18,39,0.25,3,Rain,280
31-01-2015,5,2,-1,2,0,-3,100,80,51,994,985,980,31,14,5,24,16,42,3.05,5,Rain-Snow,298
01-02-2015,6,3,-1,0,-2,-4,93,66,49,1006,1000,994,31,15,8,34,21,48,0,5,Rain-Snow,312
02-02-2015,3,-1,-6,-2,-4,-8,86,72,52,1007,1006,1004,31,19,10,14,10,,0,1,,293
03-02-2015,4,1,-1,1,0,-4,100,88,68,1015,1008,1004,27,11,1,19,10,,0,5,Fog-Rain-Snow,4
04-02-2015,4,2,1,1,0,-1,93,79,59,1025,1020,1015,26,13,7,19,11,,0,4,Rain,356
05-02-2015,5,3,1,2,-1,-4,93,80,48,1029,1026,1024,31,13,4,23,13,,0.25,3,Rain-Snow,17
06-02-2015,5,2,-1,-1,-2,-4,87,68,45,1034,1031,1029,31,17,10,27,16,47,0,3,,43
07-02-2015,5,2,-1,3,1,-2,100,86,71,1038,1036,1034,26,12,5,16,11,,0.25,6,Rain,18
08-02-2015,9,6,2,2,1,0,93,76,47,1040,1038,1036,23,12,5,14,8,,0,3,,314
09-02-2015,9,4,0,4,3,-1,93,80,53,1037,1034,1033,18,9,3,13,8,,0,5,,316
10-02-2015,7,6,4,3,2,1,93,79,61,1034,1032,1028,29,11,5,16,5,,0,6,,141
11-02-2015,5,4,4,2,1,0,81,74,60,1029,1025,1022,24,11,9,14,10,,0,7,,154
12-02-2015,4,3,1,0,-1,-1,93,71,58,1023,1020,1014,10,8,6,13,6,,0,7,,188
13-02-2015,9,5,1,7,4,-1,93,86,71,1015,1003,996,26,10,3,34,18,52,2.03,4,Rain,159
14-02-2015,8,6,3,7,5,3,100,88,74,1008,1002,996,31,13,6,14,11,,0.25,5,Rain,75
15-02-2015,9,6,2,6,4,1,100,84,55,1017,1013,1008,24,8,3,13,8,,0,5,Rain,56
16-02-2015,8,4,-1,7,4,0,100,91,72,1024,1016,1014,19,8,0,19,8,,5.08,4,Fog-Rain,197
17-02-2015,9,6,2,2,0,-2,93,69,34,1042,1036,1024,31,16,10,16,11,,0,2,,299
18-02-2015,11,6,0,3,1,-2,93,72,44,1042,1037,1031,31,16,10,26,11,40,0,3,,219
19-02-2015,8,6,4,7,4,2,95,85,67,1031,1021,1011,31,13,5,27,18,,2.03,5,Rain,204
20-02-2015,7,4,2,6,3,1,97,83,61,1012,1006,1000,29,14,8,14,10,,0.25,3,Rain,281
21-02-2015,8,4,1,2,1,-2,100,78,40,1008,1002,998,31,13,6,24,13,,1.02,3,Rain,289
22-02-2015,10,4,-2,8,2,-3,100,88,61,1009,1003,990,31,13,5,37,16,52,6.1,5,Rain,207
23-02-2015,8,6,4,4,1,-2,87,70,42,993,992,991,31,15,5,45,26,58,1.02,2,Rain,238
24-02-2015,9,7,3,3,1,-3,87,67,28,1014,1005,993,31,16,8,37,26,53,0,3,Rain,258
25-02-2015,12,8,4,8,6,2,100,81,52,1017,1015,1012,31,13,6,14,11,37,1.02,4,Rain,231
26-02-2015,11,7,3,11,6,-1,100,84,58,1016,1013,1009,31,14,5,24,14,35,4.06,5,Rain,255
27-02-2015,9,4,0,3,0,-2,93,69,33,1021,1019,1016,31,17,10,23,13,,0,1,,252
28-02-2015,11,8,4,10,6,3,100,86,68,1018,1008,996,31,13,6,32,21,48,2.03,6,Rain,201
01-03-2015,12,8,5,9,3,1,88,68,35,1003,1000,996,31,15,10,40,31,66,3.05,2,Rain-Thunderstorm,252
02-03-2015,9,6,2,2,-1,-6,87,64,26,1016,1008,1001,31,17,10,47,26,64,0,1,Rain,254
03-03-2015,9,6,2,3,0,-3,93,65,30,1021,1016,1012,31,15,10,37,19,,0,2,Rain,243
04-03-2015,11,6,2,1,0,-2,87,64,34,1039,1030,1022,31,19,10,27,19,,0,2,,286
05-03-2015,12,6,-1,4,1,-2,93,69,41,1041,1039,1037,31,14,10,24,11,37,0,5,,268
06-03-2015,13,9,5,4,2,1,81,64,35,1037,1034,1029,31,17,10,27,18,,0,5,,224
07-03-2015,16,11,6,6,4,3,93,68,38,1029,1025,1022,27,18,10,27,18,45,0,,,218
08-03-2015,13,9,6,9,6,3,93,79,64,1028,1023,1021,31,13,8,27,16,,0,4,Rain,240
09-03-2015,11,6,1,9,5,0,100,87,75,1029,1025,1021,23,12,6,27,11,42,0.25,5,Rain,198
10-03-2015,12,8,3,6,2,-2,100,65,26,1032,1030,1025,31,15,6,16,10,,0,,,329
11-03-2015,14,8,3,6,4,1,93,72,41,1032,1029,1026,19,11,6,24,13,,0,6,Rain,150
12-03-2015,14,10,5,6,1,-6,87,52,17,1029,1025,1021,31,12,6,26,13,,0,4,,132
13-03-2015,11,8,4,3,1,-3,81,54,25,1029,1023,1020,31,17,6,27,13,,0,4,,81
14-03-2015,8,6,3,3,0,-2,87,63,37,1031,1030,1029,31,13,9,23,16,,0,4,Rain,35
15-03-2015,7,6,4,4,3,1,93,78,56,1030,1028,1025,16,10,5,21,14,,0,5,Rain,51
16-03-2015,8,6,4,5,3,3,94,83,64,1026,1023,1022,10,7,3,16,11,,0.51,6,Rain,78
17-03-2015,12,8,4,6,6,3,100,83,51,1029,1025,1023,7,3,2,16,8,,0,4,Rain,49
18-03-2015,11,7,3,4,3,2,100,77,46,1034,1032,1029,8,5,1,19,10,,0,3,,23
19-03-2015,8,7,6,4,3,3,87,79,67,1034,1033,1031,14,8,5,19,13,,0,7,,23
20-03-2015,12,8,5,4,3,3,87,74,45,1032,1027,1023,18,7,5,16,10,,0,6,,353
21-03-2015,8,7,5,4,2,0,87,70,45,1029,1026,1022,31,14,10,24,11,,0,5,,5
22-03-2015,9,6,2,2,0,-2,87,64,39,1029,1026,1021,31,15,10,19,13,,0,4,,76
23-03-2015,12,7,1,6,2,-1,93,69,36,1022,1016,1012,31,13,5,21,11,,2.03,4,Rain,255
24-03-2015,11,7,3,6,2,-1,93,70,35,1012,1010,1008,31,12,2,19,8,,0.25,2,Rain,311
25-03-2015,10,5,0,3,0,-2,93,69,32,1012,1011,1009,26,12,8,14,8,,0,2,,292
26-03-2015,13,8,3,8,3,-1,93,72,36,1015,1006,1001,31,13,2,29,16,58,5.08,4,Rain,255
27-03-2015,13,7,1,5,1,-2,87,63,29,1021,1020,1015,31,20,10,19,13,,0,2,,250
28-03-2015,14,10,7,10,8,5,100,80,57,1020,1011,1006,31,12,5,45,21,58,0,6,Rain,222
29-03-2015,14,11,8,11,7,4,100,79,54,1006,1000,994,31,14,3,58,32,80,4.06,4,Rain,254
30-03-2015,12,8,5,10,3,-3,94,67,26,1012,1007,999,31,15,7,39,23,37,0.51,4,Rain,259
31-03-2015,13,10,6,10,3,-2,88,56,24,1019,1007,996,31,14,5,55,40,77,0,3,Rain,280
01-04-2015,12,8,4,7,1,-2,93,62,32,1025,1022,1017,31,17,5,35,26,52,0.51,3,Rain,267
02-04-2015,12,9,6,8,3,-1,96,70,30,1023,1020,1014,31,13,5,32,18,,0,5,Rain,285
03-04-2015,12,9,7,11,8,5,100,90,70,1022,1016,1014,26,8,2,14,11,,2.03,6,Rain,151
04-04-2015,10,8,7,9,5,3,100,77,56,1026,1022,1018,31,13,2,27,10,,0,6,Rain,12
05-04-2015,13,9,6,6,4,3,87,70,43,1030,1027,1025,31,14,10,11,6,,0,5,Rain,71
06-04-2015,17,9,2,8,5,2,100,74,41,1036,1032,1030,31,13,6,24,8,,0,2,,1
07-04-2015,18,11,3,7,5,2,93,65,35,1038,1036,1034,31,18,10,13,6,,0,1,,281
08-04-2015,18,12,6,9,6,4,93,67,39,1035,1032,1030,18,10,6,21,6,,0,2,,183
09-04-2015,18,11,5,8,6,4,100,70,29,1030,1027,1023,14,7,0,16,8,,0,3,Fog,99
10-04-2015,21,13,6,7,6,3,87,60,22,1024,1018,1014,29,10,4,23,10,,0,1,Rain,151
11-04-2015,14,10,7,9,3,-6,94,58,20,1027,1018,1012,24,11,7,32,19,,0.51,4,Rain,250
12-04-2015,18,11,4,8,3,-1,93,60,25,1028,1026,1023,31,16,10,37,18,47,0,2,Rain,226
13-04-2015,17,12,8,9,6,2,87,67,43,1032,1030,1029,31,14,10,21,10,,0,6,Rain,216
14-04-2015,22,14,6,10,7,5,100,66,30,1029,1025,1022,29,13,3,29,14,,0.25,4,Fog,240
15-04-2015,24,17,8,9,6,4,82,51,18,1022,1017,1014,31,22,10,23,10,,0,,,270
16-04-2015,17,13,8,8,5,-1,87,61,29,1017,1015,1013,31,18,9,26,13,,0,1,Rain,77
17-04-2015,16,12,8,5,3,-1,71,55,22,1026,1020,1015,31,19,10,26,18,,0,1,Rain,70
18-04-2015,15,10,5,5,2,-2,87,58,24,1029,1027,1026,31,16,10,32,19,47,0,2,,70
19-04-2015,12,8,4,4,2,0,81,63,38,1028,1025,1022,31,14,10,19,13,,0,4,,44
20-04-2015,18,11,3,5,3,2,93,60,23,1033,1029,1026,26,19,10,23,11,,0,,,69
21-04-2015,19,12,4,6,3,0,81,54,20,1035,1034,1032,31,23,10,23,11,,0,,,55
22-04-2015,16,11,5,8,4,2,81,62,37,1034,1030,1025,31,17,10,26,14,,0,4,,70
23-04-2015,17,12,6,7,5,3,93,66,27,1026,1020,1016,31,17,6,14,10,,0,6,,89
24-04-2015,18,12,7,10,7,5,93,72,41,1016,1011,1008,31,10,4,26,13,40,0.51,3,Rain,216
25-04-2015,18,14,11,12,9,6,100,77,35,1008,1006,1004,31,11,5,27,18,42,1.02,4,Rain,225
26-04-2015,11,9,7,11,6,-1,100,77,49,1010,1008,1006,31,14,2,16,10,,0,5,Rain,22
27-04-2015,13,8,3,2,-1,-4,75,51,22,1013,1011,1010,31,14,10,24,10,,0,2,Rain,306
28-04-2015,16,9,3,3,0,-5,87,56,17,1019,1016,1013,31,17,10,29,19,,0,1,,257
29-04-2015,14,10,7,7,3,-3,87,66,22,1018,1013,1011,31,14,6,29,19,47,2.03,3,Rain,228
30-04-2015,16,10,4,4,2,-1,87,56,22,1013,1011,1010,31,19,10,27,16,48,0,2,,268
01-05-2015,13,9,6,3,2,-1,81,60,30,1012,1010,1009,31,16,10,24,16,,0,2,,76
02-05-2015,16,11,6,9,4,1,94,68,39,1013,1009,1003,31,16,5,26,14,,0.76,5,Rain,87
03-05-2015,20,14,9,13,11,8,100,81,47,1003,998,995,31,10,2,37,21,52,1.02,5,Rain,192
04-05-2015,19,15,11,12,8,4,100,68,33,1006,1002,992,31,13,4,29,19,39,0.25,3,Rain,195
05-05-2015,16,14,11,14,9,3,100,70,31,1002,995,988,31,13,3,52,27,72,0,4,Rain,212
06-05-2015,14,11,8,9,7,6,87,72,45,1011,1004,1001,31,14,3,47,31,66,4.06,3,Rain,228
07-05-2015,17,13,8,8,6,3,87,62,32,1017,1015,1012,31,14,10,32,21,,0,3,Rain,233
08-05-2015,17,12,8,12,7,5,88,70,40,1017,1013,1010,31,16,5,26,10,,0.25,3,Rain,164
09-05-2015,19,14,10,11,6,3,88,60,27,1023,1016,1010,31,14,10,39,26,,0,4,Rain,249
10-05-2015,19,13,8,10,8,5,97,68,41,1025,1023,1020,31,15,2,24,13,39,0,4,,200
11-05-2015,21,16,11,12,10,7,94,67,42,1020,1018,1017,31,15,10,26,14,,0,2,,217
12-05-2015,18,14,11,8,4,-2,82,55,20,1023,1019,1016,31,19,10,37,18,52,0.25,2,Rain,257
13-05-2015,20,13,6,8,3,-2,87,53,15,1023,1019,1016,31,18,10,21,10,,0,2,,345
14-05-2015,10,9,8,8,7,6,100,85,62,1017,1013,1009,31,12,4,27,18,,11.94,5,Rain,76
15-05-2015,16,11,7,9,6,4,100,72,43,1023,1021,1015,31,14,4,23,13,,0,4,Rain,324
16-05-2015,18,14,10,11,6,1,88,58,24,1028,1024,1020,31,16,10,24,16,40,0,4,Rain,281
17-05-2015,17,12,6,8,5,3,87,60,31,1028,1025,1018,31,15,10,27,14,,0,3,,261
18-05-2015,16,12,8,12,6,1,94,68,29,1018,1007,1002,31,12,5,50,23,71,1.02,3,Rain,235
19-05-2015,14,11,7,6,4,3,81,66,41,1010,1005,1002,31,13,8,34,24,47,2.03,2,Rain-Thunderstorm,256
20-05-2015,16,10,4,6,4,3,93,64,31,1024,1016,1010,10,10,10,24,14,,0,2,Rain,295
21-05-2015,20,12,5,7,4,-1,87,54,15,1027,1026,1024,31,20,10,24,11,,0,1,,259
22-05-2015,19,13,7,13,9,6,87,71,56,1028,1025,1023,31,16,10,16,13,,0,2,Rain,259
23-05-2015,17,14,12,12,9,4,82,66,34,1025,1024,1023,31,15,10,21,11,,0,4,Rain,36
24-05-2015,20,16,12,13,9,4,82,65,42,1024,1020,1018,31,15,7,21,13,,0.25,4,Rain,247
25-05-2015,17,13,9,8,6,4,76,57,34,1021,1020,1019,31,14,10,19,11,,0,4,,324
26-05-2015,19,14,9,8,7,5,82,59,32,1027,1023,1021,31,15,10,21,11,39,0,3,Rain,311
27-05-2015,20,13,7,9,6,4,81,58,31,1027,1023,1016,31,16,10,27,13,42,0,2,Rain,261
28-05-2015,18,14,11,9,4,0,82,50,21,1016,1014,1013,31,12,10,32,23,45,0,3,,266
29-05-2015,14,12,8,10,6,3,88,67,38,1014,1009,1005,31,11,8,34,18,48,3.05,2,Rain,252
30-05-2015,18,12,6,7,4,1,87,59,23,1015,1013,1011,31,13,10,26,14,,0,2,,253
31-05-2015,16,13,9,14,9,0,100,75,28,1013,1008,1004,31,11,5,35,21,,0.51,5,Rain,237
01-06-2015,16,12,7,8,5,2,82,62,31,1015,1012,1005,31,15,10,40,21,61,0.25,2,Rain,221
02-06-2015,20,16,11,14,12,6,94,79,39,1012,1005,1001,31,13,6,45,34,60,0,5,Rain,225
03-06-2015,20,16,11,8,6,3,82,53,23,1027,1021,1013,31,14,10,27,19,27,0,2,,265
04-06-2015,23,16,8,10,7,2,87,51,17,1027,1024,1019,31,21,10,23,8,,0,,,141
05-06-2015,24,18,11,17,12,3,88,65,33,1020,1016,1013,31,14,8,34,14,,0.25,2,Rain,234
06-06-2015,20,14,8,6,4,1,87,52,21,1029,1024,1020,31,16,10,35,21,,0,2,,260
07-06-2015,20,13,7,8,4,1,93,51,18,1033,1031,1029,31,18,10,16,11,27,0,2,,330
08-06-2015,19,14,9,7,5,2,82,54,22,1034,1033,1031,31,15,10,23,10,,0,2,Rain,37
09-06-2015,16,11,7,5,4,3,81,57,32,1034,1033,1031,31,12,10,24,16,42,0,3,,37
10-06-2015,19,14,9,7,4,2,67,51,29,1032,1028,1025,31,12,10,24,18,45,0,4,,51
11-06-2015,24,17,9,10,8,6,87,55,24,1025,1019,1014,31,22,10,32,18,,0,1,,73
12-06-2015,25,19,13,17,13,9,94,65,39,1014,1009,1006,31,13,3,16,10,,0,2,Rain,75
13-06-2015,20,17,14,17,13,12,95,80,53,1012,1009,1006,31,13,5,27,16,,0,5,Rain,253
14-06-2015,18,14,12,13,11,7,94,76,41,1018,1013,1011,31,11,3,21,11,,0.25,5,Rain,332
15-06-2015,21,16,11,9,7,4,88,58,24,1025,1022,1018,31,14,10,19,14,,0,4,Rain,71
16-06-2015,24,17,9,10,8,6,87,55,27,1026,1025,1024,31,17,10,23,10,26,0,1,,230
17-06-2015,26,19,12,16,12,7,83,67,42,1026,1023,1020,31,13,10,35,18,53,0,4,,257
18-06-2015,22,18,14,15,9,6,88,55,27,1022,1021,1020,31,17,10,23,14,,0,4,Rain,326
19-06-2015,22,17,11,10,7,6,76,53,30,1023,1022,1020,31,15,10,21,11,,0,3,,317
20-06-2015,20,17,13,16,12,8,94,74,55,1023,1021,1018,31,14,2,24,10,35,3.05,4,Rain,256
21-06-2015,21,18,14,14,9,6,88,62,30,1019,1016,1014,31,14,10,32,21,,0.25,3,Rain,268
22-06-2015,18,14,11,11,8,4,94,69,30,1015,1011,1008,31,12,6,24,18,39,0.25,2,Rain,281
23-06-2015,21,17,12,11,8,6,82,58,30,1020,1017,1013,31,13,10,16,10,,0,4,,312
24-06-2015,24,18,12,11,9,7,82,57,24,1021,1020,1019,31,15,10,24,13,42,0,2,,230
25-06-2015,25,18,12,12,10,6,88,56,26,1022,1021,1020,31,16,10,21,11,39,0,3,,230
26-06-2015,27,20,13,14,11,9,77,58,25,1021,1017,1015,31,16,10,32,14,,0,4,,231
27-06-2015,25,18,12,12,9,6,88,56,21,1021,1019,1016,31,18,10,23,16,,0,2,,271
28-06-2015,21,18,15,14,12,10,82,67,45,1021,1019,1018,31,15,10,24,14,,2.03,2,Rain,224
29-06-2015,26,19,13,11,10,8,82,55,26,1023,1022,1021,31,20,10,19,11,37,0,1,,251
30-06-2015,30,22,13,14,9,3,82,44,12,1022,1019,1014,31,23,10,23,11,,0,,Rain,155
01-07-2015,37,29,21,17,13,11,65,40,16,1014,1012,1010,31,24,10,29,16,,0,1,Rain,146
02-07-2015,26,21,17,16,14,12,88,67,42,1024,1018,1014,31,14,8,34,14,45,0,2,Rain,257
03-07-2015,27,20,13,15,11,8,83,56,23,1026,1023,1017,31,21,9,27,10,,8.89,2,Rain,83
04-07-2015,27,22,17,18,14,10,100,67,33,1020,1017,1014,31,8,2,27,14,42,0,2,Rain-Thunderstorm,220
05-07-2015,24,19,13,12,11,8,82,61,28,1020,1017,1015,31,18,10,32,13,,0,2,Rain,242
06-07-2015,23,18,12,12,10,8,88,60,32,1021,1018,1014,31,17,10,24,16,48,0,2,Rain,218
07-07-2015,24,19,15,15,11,6,83,59,26,1014,1009,1007,31,17,10,35,18,48,0,3,Rain,232
08-07-2015,21,17,13,13,11,6,94,62,34,1019,1011,1007,31,12,4,29,23,42,0.51,3,Rain,274
09-07-2015,23,17,11,10,5,1,82,44,16,1024,1022,1019,31,20,10,21,11,34,0,1,,284
10-07-2015,27,20,13,11,7,2,82,45,11,1024,1020,1015,31,23,10,23,11,39,0,,,182
11-07-2015,26,20,14,14,10,8,77,49,24,1019,1016,1014,31,19,10,27,13,42,0,2,Rain,274
12-07-2015,22,19,15,17,14,13,94,80,55,1019,1017,1016,31,14,2,32,19,47,3.05,4,Rain,231
13-07-2015,21,18,16,18,16,14,94,86,68,1017,1015,1014,31,13,4,29,16,,2.03,5,Rain,239
14-07-2015,23,20,17,18,15,14,100,78,51,1019,1017,1015,31,13,3,24,18,,2.03,6,Rain,252
15-07-2015,22,19,17,17,15,9,100,76,46,1019,1018,1017,31,13,2,14,11,,0,6,Rain,297
16-07-2015,25,20,14,15,13,9,88,65,44,1020,1016,1010,26,14,6,24,13,,7.11,4,Rain-Thunderstorm,90
17-07-2015,25,20,14,17,13,9,94,67,35,1015,1011,1009,23,11,6,35,16,,0.25,3,Rain,242
18-07-2015,23,18,12,11,8,5,94,55,22,1018,1016,1013,31,19,10,24,16,,0,1,Rain,242
19-07-2015,24,19,14,13,8,-1,94,51,10,1013,1011,1009,31,17,9,34,14,,0,2,Rain,244
20-07-2015,24,19,14,18,16,10,100,81,55,1012,1010,1008,31,13,3,32,11,50,0.25,5,Rain,209
21-07-2015,26,19,13,13,12,10,94,61,29,1014,1012,1011,31,16,10,32,19,48,0,2,,233
22-07-2015,23,19,14,15,12,8,88,63,37,1017,1015,1014,31,15,9,29,14,,0.51,2,Rain,243
23-07-2015,22,17,11,11,9,7,94,58,28,1019,1017,1016,31,17,10,24,13,,0,1,,266
24-07-2015,17,15,13,13,11,8,100,77,46,1016,1010,1004,26,11,3,23,8,,28.96,5,Rain,57
25-07-2015,22,17,11,12,8,5,94,61,26,1016,1012,1005,31,14,10,26,16,35,0,3,Rain,300
26-07-2015,17,14,12,16,12,8,94,83,61,1016,1006,997,31,12,3,29,14,37,7.11,4,Rain,189
27-07-2015,21,17,14,14,12,9,88,70,44,1004,1000,997,31,13,10,39,27,55,0,3,Rain,250
28-07-2015,21,17,13,12,9,6,82,60,33,1009,1006,1004,31,15,10,34,27,,0,3,Rain,262
29-07-2015,20,14,9,12,8,6,88,65,33,1015,1011,1009,31,17,10,24,18,,0.25,2,Rain,275
30-07-2015,20,15,10,10,7,3,88,56,23,1021,1018,1015,31,17,10,21,11,,0,1,Rain,303
31-07-2015,22,16,8,10,7,4,83,54,23,1021,1018,1015,29,19,10,21,6,37,0,1,,206
01-08-2015,21,15,9,12,8,7,87,59,32,1018,1016,1016,31,17,10,24,11,34,0,1,Rain,244
02-08-2015,26,19,12,13,10,6,94,60,20,1019,1016,1011,31,17,10,23,11,,0,1,,164
03-08-2015,25,20,16,16,13,8,83,64,40,1012,1011,1009,31,14,10,34,18,47,0,3,Rain,200
04-08-2015,22,18,13,12,10,7,88,59,31,1016,1013,1011,31,17,10,35,21,47,0,2,,229
05-08-2015,22,18,14,14,12,9,94,70,39,1016,1013,1011,31,15,5,23,13,32,3.05,2,Rain,185
06-08-2015,24,19,13,16,13,11,94,69,37,1016,1013,1010,31,15,6,26,14,39,0,3,Rain,217
07-08-2015,24,18,12,14,9,8,82,55,24,1021,1017,1016,31,15,10,14,8,,0,5,,310
08-08-2015,26,20,14,15,13,10,94,62,28,1024,1023,1021,31,15,10,23,10,,0,2,,148
09-08-2015,26,19,12,15,11,4,94,57,17,1023,1020,1018,31,17,10,24,11,35,0,1,,237
10-08-2015,22,19,17,18,16,10,88,77,60,1019,1017,1016,31,14,10,29,14,40,0,5,Rain,223
11-08-2015,21,18,14,15,12,9,88,67,39,1023,1020,1018,31,13,3,14,8,,0.51,2,Rain,300
12-08-2015,23,19,15,16,13,11,94,67,40,1024,1023,1021,27,13,8,23,11,,0.51,3,Rain,60
13-08-2015,20,18,16,18,16,11,94,85,59,1021,1015,1009,23,9,3,23,14,,7.11,6,Rain,49
14-08-2015,21,18,16,18,16,14,100,89,72,1009,1006,1005,23,7,1,26,10,40,0.76,5,Fog-Rain,268
15-08-2015,21,17,14,14,9,6,88,61,28,1016,1012,1008,23,12,6,19,10,,0,2,Rain,309
16-08-2015,21,16,11,11,9,8,82,60,35,1018,1017,1016,31,15,10,16,6,,0,2,,29
17-08-2015,22,17,13,11,8,4,88,56,33,1019,1017,1016,31,21,10,14,6,,0,2,,358
18-08-2015,19,17,14,13,10,8,82,63,43,1016,1015,1014,31,24,10,23,13,,0.25,1,Rain,261
19-08-2015,21,17,13,15,12,11,100,77,46,1018,1017,1015,31,14,6,23,13,,2.03,3,Rain,207
20-08-2015,21,18,15,18,16,14,100,86,65,1021,1019,1017,31,12,3,23,14,39,0,6,Rain,204
21-08-2015,26,22,17,17,16,13,88,70,39,1021,1020,1018,31,13,10,26,18,37,0,4,,199
22-08-2015,31,23,15,17,14,12,94,63,27,1019,1014,1008,31,16,7,26,10,,0,4,,114
23-08-2015,22,18,13,17,13,11,94,66,44,1008,1003,1001,31,14,3,24,16,,3.05,3,Rain,170
24-08-2015,17,14,12,15,13,11,100,91,80,1005,1000,996,31,11,2,23,10,,11.94,3,Rain,24
25-08-2015,19,15,11,17,13,9,95,85,60,1011,1008,1005,31,13,3,26,19,,5.08,3,Rain,216
26-08-2015,19,17,15,17,15,12,100,85,56,1008,1004,1002,27,11,3,37,21,42,48.01,3,Rain-Thunderstorm,207
27-08-2015,19,17,13,14,12,10,94,79,47,1011,1007,1005,31,12,9,27,16,,4.06,2,Rain,227
28-08-2015,21,16,11,12,11,9,100,70,37,1020,1016,1011,31,15,10,26,14,48,0,2,Fog-Rain,225
29-08-2015,22,18,14,16,13,11,94,77,41,1021,1020,1018,29,13,5,16,10,45,0.25,2,Rain,195
30-08-2015,21,18,16,16,14,13,94,81,59,1019,1017,1016,31,12,6,16,8,,0.76,4,Rain,50
31-08-2015,16,14,14,14,14,12,100,91,82,1016,1014,1012,27,9,2,14,10,,10.92,6,Rain,11
01-09-2015,19,16,12,13,11,9,95,77,50,1019,1017,1016,31,10,5,16,8,,0.51,3,Rain,316
02-09-2015,19,14,9,11,9,7,100,74,43,1020,1017,1016,31,13,10,14,8,,0,2,Rain,298
03-09-2015,16,13,9,10,8,7,94,71,44,1017,1016,1015,31,13,10,19,11,,0,2,Rain,293
04-09-2015,16,13,11,10,8,6,87,67,45,1019,1017,1016,29,10,10,14,10,,0,3,Rain,305
05-09-2015,16,12,9,12,8,6,100,73,44,1027,1022,1018,31,15,8,14,10,,0,4,Rain,330
06-09-2015,19,12,6,9,7,5,93,66,30,1030,1028,1027,31,17,10,14,6,,0,2,,300
07-09-2015,19,13,8,11,9,7,93,73,46,1031,1030,1029,31,14,10,19,8,,0,2,Fog,3
08-09-2015,16,13,10,11,9,8,88,73,51,1031,1028,1025,31,13,10,13,8,,0,6,,55
09-09-2015,19,16,12,12,11,8,94,72,43,1025,1023,1021,31,13,5,24,13,,0.51,5,Rain,70
10-09-2015,21,17,12,13,11,6,95,70,29,1022,1020,1019,31,11,5,27,13,,0,1,,77
11-09-2015,22,17,12,12,9,6,100,65,26,1019,1014,1010,31,14,8,24,13,,0.25,1,Rain,102
12-09-2015,21,17,13,14,11,7,88,66,43,1011,1008,1005,31,14,10,29,18,,0.25,3,Rain,214
13-09-2015,20,15,10,11,9,7,94,73,44,1010,1006,1000,31,15,10,19,10,,0,2,Rain,122
14-09-2015,19,16,11,15,11,7,100,81,51,1000,995,992,31,11,5,35,16,55,1.02,4,Rain,170
15-09-2015,19,14,10,13,10,7,94,78,57,998,996,992,31,15,3,32,21,50,0.25,4,Rain,219
16-09-2015,16,13,10,13,11,9,100,90,63,996,989,985,23,10,4,23,11,,16,5,Rain,48
17-09-2015,18,13,9,12,9,6,100,75,35,1007,999,988,31,11,3,29,14,,0.25,2,Rain,263
18-09-2015,19,16,12,13,11,9,100,81,47,1019,1011,1007,31,13,9,16,10,,9.91,3,Rain,253
19-09-2015,19,15,11,12,10,8,100,74,38,1028,1024,1019,31,10,5,10,6,,0,3,,344
20-09-2015,20,14,9,12,11,8,100,78,46,1028,1025,1021,31,11,2,21,8,,0,2,Fog,243
21-09-2015,14,12,10,14,12,9,100,89,78,1021,1012,1005,31,11,5,24,13,,3.05,4,Rain,222
22-09-2015,15,12,8,11,9,7,100,86,63,1007,1002,998,31,13,8,16,10,,0.51,3,Rain,313
23-09-2015,17,12,8,12,9,7,93,74,40,1013,1011,1008,31,13,10,27,16,,0,3,,261
24-09-2015,18,14,11,14,11,7,100,75,41,1019,1014,1011,31,12,3,32,19,50,1.02,4,Rain,246
25-09-2015,18,13,8,10,7,4,95,67,32,1027,1023,1019,31,15,10,16,10,,0,3,,290
26-09-2015,18,12,7,8,7,5,94,69,36,1031,1029,1027,31,15,10,13,5,,0.25,3,,25
27-09-2015,19,13,8,10,8,6,90,71,40,1036,1033,1031,31,15,10,23,10,,0,2,Rain,57
28-09-2015,18,13,9,12,9,7,100,74,41,1037,1036,1035,31,15,10,27,11,,0,3,,69
29-09-2015,19,14,10,11,9,7,94,70,38,1036,1035,1033,31,16,10,26,11,,0,2,,64
30-09-2015,18,14,9,10,8,3,88,66,25,1034,1033,1031,31,18,10,29,14,,0,1,,62
01-10-2015,18,13,9,11,8,6,94,69,34,1033,1031,1029,31,13,8,24,13,,0,3,,51
02-10-2015,19,13,8,10,8,7,100,73,40,1029,1025,1020,31,12,6,14,8,,0,2,,57
03-10-2015,17,12,8,11,9,7,94,81,52,1020,1015,1013,10,6,3,13,6,,0,5,,305
04-10-2015,18,12,6,10,8,5,93,75,44,1016,1014,1010,21,9,3,16,8,27,0,4,,172
05-10-2015,17,14,12,17,14,9,100,92,73,1010,1004,1000,23,9,3,24,16,,5.08,7,Rain,148
06-10-2015,19,17,14,17,14,13,100,90,62,1001,997,994,31,11,3,27,14,,1.02,6,Rain,152
07-10-2015,16,13,10,14,12,7,100,86,65,1017,1008,999,31,10,3,24,18,,0,7,Rain,273
08-10-2015,17,11,6,10,7,5,93,75,43,1023,1021,1017,31,14,10,13,10,,0,3,,264
09-10-2015,17,12,7,10,8,6,100,77,39,1024,1023,1022,31,11,3,11,5,,0,4,Fog,42
10-10-2015,16,12,8,11,9,7,97,82,61,1023,1020,1018,31,13,10,16,8,,0,2,,53
11-10-2015,16,12,9,10,8,5,94,73,46,1018,1017,1016,24,10,3,19,10,,0,4,,49
12-10-2015,14,11,8,7,6,4,87,69,41,1021,1019,1018,31,12,10,16,8,,0,5,,359
13-10-2015,13,10,7,7,6,4,87,71,47,1026,1023,1021,31,14,10,23,11,,0,5,Rain,5
14-10-2015,13,9,6,9,6,4,87,78,51,1026,1023,1021,31,14,10,19,11,,0.51,5,Rain,359
15-10-2015,13,11,9,9,7,5,93,79,47,1022,1021,1020,31,13,10,19,11,,0,5,Rain,8
16-10-2015,14,12,11,9,9,8,88,79,61,1023,1022,1021,18,11,9,23,16,39,0,6,Rain,10
17-10-2015,13,11,10,9,8,7,88,76,58,1022,1020,1019,31,13,5,21,13,,0,7,Rain,7
18-10-2015,16,13,11,11,9,8,94,83,53,1023,1021,1019,31,13,5,14,10,,0.51,5,Rain,22
19-10-2015,14,11,9,11,9,7,94,83,70,1027,1025,1023,31,13,10,14,8,,0,8,Rain,11
20-10-2015,16,12,8,9,7,6,95,76,42,1028,1026,1025,31,13,8,13,6,,0.25,4,,312
21-10-2015,15,12,8,14,11,7,100,92,81,1025,1018,1014,31,10,5,19,11,34,4.06,6,Rain,227
22-10-2015,14,13,11,13,8,5,94,71,46,1023,1017,1013,31,13,5,24,16,,0.25,8,Rain,282
23-10-2015,13,12,10,8,8,6,87,73,52,1023,1021,1017,31,13,10,14,6,,0,8,,204
24-10-2015,14,10,6,12,9,6,100,82,69,1021,1015,1012,31,13,3,19,11,,3.05,7,Rain,210
25-10-2015,12,7,3,7,4,3,100,82,53,1027,1025,1021,31,14,7,14,8,,0.25,,,201
26-10-2015,17,11,5,12,9,5,97,86,60,1021,1014,1012,31,10,5,21,13,,0,6,,112
27-10-2015,18,14,11,14,12,10,100,86,60,1012,1009,1007,21,8,0,21,11,,0,4,Fog,112
28-10-2015,16,13,9,13,11,9,100,87,56,1010,1007,1006,31,10,5,16,11,,3.05,4,Rain,235
29-10-2015,15,12,8,14,12,7,100,92,80,1016,1012,1009,26,10,3,27,14,40,0.25,6,Rain,165
30-10-2015,16,13,11,14,12,10,100,87,70,1021,1018,1014,31,12,3,24,14,,3.05,6,Rain,142
31-10-2015,18,13,9,11,11,8,100,86,54,1027,1022,1020,21,8,0,14,8,,0,7,Fog,106
01-11-2015,13,9,6,11,8,6,100,97,84,1030,1028,1027,5,1,0,10,3,,0.25,4,Fog,160
02-11-2015,13,11,8,13,9,8,100,98,86,1028,1024,1019,5,1,0,16,5,,0.25,6,Fog,127
03-11-2015,13,11,9,12,10,9,100,91,82,1020,1015,1013,14,7,2,13,10,,0.25,6,Rain,104
04-11-2015,14,12,11,13,12,10,100,93,80,1015,1014,1012,31,8,2,16,8,,0.51,5,Rain,201
05-11-2015,16,13,12,15,13,12,100,93,81,1015,1012,1010,27,10,3,27,14,40,2.03,7,Rain,185
06-11-2015,17,16,13,16,14,12,100,92,87,1019,1015,1013,31,12,6,26,18,40,1.02,7,Rain,212
07-11-2015,17,13,11,16,13,9,100,89,77,1026,1019,1014,31,12,6,39,19,53,7.87,5,Rain,218
08-11-2015,16,12,7,14,12,8,100,91,82,1027,1020,1015,31,10,5,29,14,53,0.51,6,Rain,190
09-11-2015,15,12,9,12,9,7,93,78,62,1022,1021,1018,31,13,10,42,26,60,0,7,Rain,234
10-11-2015,16,15,14,14,13,11,94,86,80,1022,1022,1021,27,12,7,29,24,45,0,8,Rain,229
11-11-2015,15,14,13,12,10,9,88,75,63,1022,1021,1020,31,14,10,27,19,,0,7,Rain,229
12-11-2015,16,13,10,13,11,9,100,86,71,1023,1020,1015,31,13,6,32,16,45,0.25,5,Rain,211
13-11-2015,12,10,8,12,5,3,88,70,53,1026,1021,1015,31,13,6,50,27,85,1.02,4,Fog-Rain,242
14-11-2015,15,11,7,13,8,4,100,85,69,1027,1021,1013,31,12,5,37,23,53,7.11,7,Rain,226
15-11-2015,16,14,13,13,11,9,88,75,65,1013,1012,1010,31,13,10,47,35,64,0,7,Rain,238
16-11-2015,14,13,12,13,9,6,96,77,57,1011,1009,1005,31,12,6,37,26,53,1.02,5,Rain,230
17-11-2015,16,13,11,14,11,7,100,80,56,1009,1004,999,31,10,3,61,26,90,4.06,7,Rain,235
18-11-2015,15,13,11,12,8,7,88,73,60,1014,1011,1008,31,12,3,50,35,69,0.51,4,Rain,238
19-11-2015,12,10,9,11,8,7,95,85,63,1014,1013,1011,29,9,3,40,24,,2.03,5,Rain,251
20-11-2015,9,7,4,8,4,1,93,78,51,1014,1008,1003,31,15,9,29,14,,0.25,2,Rain,264
21-11-2015,6,3,0,3,-2,-6,93,67,45,1013,1007,1001,31,11,5,34,21,52,2.03,4,Rain-Snow,310
22-11-2015,7,2,-2,2,-1,-6,93,80,58,1022,1015,1011,31,13,10,14,6,,0,5,,305
23-11-2015,7,3,-1,4,1,-1,96,80,53,1026,1024,1019,31,10,5,19,8,,0.25,6,Rain,238
24-11-2015,10,8,6,9,7,4,99,88,78,1019,1012,1010,31,11,3,24,16,,0.76,6,Rain,255
25-11-2015,10,8,5,7,6,4,96,83,67,1017,1012,1010,31,14,10,21,13,,0,4,Rain,291
26-11-2015,10,9,7,9,8,7,100,90,77,1021,1020,1016,31,10,6,13,8,,0,7,Rain,273
27-11-2015,14,10,5,12,9,2,100,89,74,1020,1011,1004,31,9,3,34,16,53,1.02,7,Rain,228
28-11-2015,11,7,2,7,3,0,87,73,61,1015,1011,1005,31,14,10,40,23,53,0,4,Rain,242
29-11-2015,13,11,9,11,8,6,92,77,65,1016,1009,1007,27,10,3,58,32,72,1.02,5,Rain,249
30-11-2015,13,11,8,12,9,5,96,82,63,1019,1015,1012,31,12,3,47,26,61,0.76,7,Rain,243
01-12-2015,14,11,9,12,9,5,100,77,54,1025,1022,1018,31,12,3,32,23,,0,7,Rain,241
02-12-2015,13,12,12,10,8,5,82,73,53,1024,1023,1022,31,13,10,27,21,39,0,5,Rain,216
03-12-2015,13,12,12,12,9,8,94,81,68,1023,1019,1011,21,12,3,39,23,60,2.03,6,Rain,198
04-12-2015,13,9,6,9,6,3,88,75,61,1028,1025,1013,31,13,10,37,23,53,0,5,Rain,236
05-12-2015,13,12,11,9,7,6,77,67,54,1024,1019,1014,27,12,10,48,37,69,0,6,,225
06-12-2015,14,13,12,12,11,7,100,84,58,1023,1017,1013,26,11,3,40,26,60,0.25,7,Rain,220
07-12-2015,14,12,11,13,11,9,98,89,77,1026,1024,1021,24,11,5,24,16,34,0,6,Rain,178
08-12-2015,13,10,7,12,8,4,100,80,57,1030,1022,1019,31,12,0,29,21,47,1.02,5,Rain,217
09-12-2015,12,8,4,8,5,2,93,78,58,1035,1032,1029,23,13,7,34,16,47,0,5,Rain,220
10-12-2015,12,11,9,10,8,6,94,79,63,1029,1024,1021,24,13,10,34,24,50,4.06,6,Rain,222
11-12-2015,11,8,5,9,6,3,100,82,65,1024,1022,1020,31,13,9,35,18,48,0.25,5,Rain,249
12-12-2015,14,9,4,10,7,3,94,79,66,1024,1018,1013,27,13,10,40,18,60,0,6,Rain,223
13-12-2015,10,8,6,9,7,6,100,94,75,1020,1018,1015,16,6,2,27,13,,0.51,7,Rain,100
14-12-2015,10,8,5,8,7,6,98,88,76,1018,1016,1015,19,9,5,16,11,,0.25,7,Rain,139
15-12-2015,13,11,8,13,11,9,100,96,94,1018,1016,1015,14,5,2,19,11,,3.05,7,Rain,141
16-12-2015,15,13,11,13,12,11,98,87,77,1021,1018,1014,31,11,5,32,19,,0,7,Rain,222
17-12-2015,15,13,11,13,10,8,94,80,59,1020,1016,1014,14,11,9,24,18,,0,4,Rain,207
18-12-2015,13,12,11,11,10,9,94,85,72,1020,1018,1016,18,11,9,24,16,40,0,6,Rain,211
19-12-2015,16,14,12,14,11,10,95,79,66,1016,1012,1007,26,13,6,32,23,42,0,7,Rain,194
20-12-2015,13,10,8,10,8,6,93,78,62,1014,1010,1006,31,12,8,35,24,48,1.02,3,Rain,213
21-12-2015,13,10,7,12,7,5,96,84,71,1019,1014,1011,31,12,5,42,21,60,1.02,5,Rain,218
22-12-2015,15,12,9,13,11,9,100,86,67,1018,1013,1010,27,11,2,50,27,66,4.06,7,Rain,219
23-12-2015,12,11,9,9,6,4,91,73,54,1022,1019,1013,23,12,10,35,24,48,0,3,Rain,219
24-12-2015,13,9,6,10,6,2,88,73,52,1021,1013,1007,31,13,6,42,27,63,2.03,5,Rain,217
25-12-2015,15,10,5,13,8,2,99,86,67,1022,1020,1017,26,11,5,37,16,,1.02,6,Rain,198
26-12-2015,15,14,13,12,11,9,93,76,65,1020,1018,1016,21,11,5,45,34,61,0,7,Rain,224
27-12-2015,14,12,10,13,12,9,98,86,70,1024,1020,1016,14,7,3,39,27,55,0.25,7,Rain,210
28-12-2015,13,11,8,10,7,6,100,77,57,1024,1016,1012,31,13,5,27,16,,0.25,2,Rain,140
29-12-2015,12,10,9,10,8,6,95,82,67,1022,1018,1012,31,12,10,34,19,,0,4,Rain,187
30-12-2015,14,12,9,10,8,5,95,74,50,1019,1010,1004,26,12,5,45,32,69,0.51,7,Rain,185
31-12-2015,11,8,5,8,4,2,87,74,51,1020,1012,1005,31,13,6,47,24,69,2.03,3,Rain,221
01-01-2016,9,4,1,7,4,0,100,88,70,1023,1016,1004,29,11,4,32,13,,1.02,6,Rain,119
02-01-2016,11,9,8,11,9,7,100,93,87,1004,998,994,29,9,3,32,24,,6.1,7,Rain,162
03-01-2016,9,7,5,9,6,2,100,89,76,1003,991,984,31,12,3,34,21,50,7.11,6,Rain,193
04-01-2016,11,8,6,8,6,4,100,89,74,984,983,982,24,12,7,23,13,32,0.25,3,Rain,183
05-01-2016,10,8,5,8,7,5,100,92,83,990,985,982,29,12,5,21,13,,0,5,Fog-Rain,193
06-01-2016,8,6,4,7,6,4,100,94,84,997,994,990,13,7,3,19,5,,0.25,6,Fog-Rain,154
07-01-2016,11,7,3,10,4,0,100,80,55,1000,989,980,31,11,6,42,23,64,6.1,6,Rain,228
08-01-2016,9,4,0,7,4,-1,100,87,71,1001,999,997,31,13,10,21,13,34,0.25,4,Rain,195
09-01-2016,11,8,6,9,7,4,94,87,76,997,990,982,31,12,5,35,18,47,7.11,5,Rain,183
10-01-2016,9,7,4,5,3,2,93,82,64,987,985,982,31,14,8,29,19,,2.03,3,Rain,199
11-01-2016,7,6,4,6,4,3,98,91,81,990,983,978,31,12,5,21,13,29,1.02,6,Rain,239
12-01-2016,7,6,3,4,3,2,97,81,68,1009,998,990,31,13,10,35,23,45,0.25,5,Rain,269
13-01-2016,7,4,2,4,2,0,93,78,55,1016,1013,1006,27,13,7,32,19,34,2.03,4,Rain,239
14-01-2016,5,3,2,4,0,-4,94,75,48,1014,1007,1003,27,11,10,32,19,53,0.25,6,Rain,277
15-01-2016,6,3,1,0,-1,-2,93,74,52,1026,1020,1014,31,12,10,21,16,,0,3,,295
16-01-2016,5,2,-1,1,-1,-2,93,79,57,1030,1029,1026,24,12,6,14,10,,0.51,5,Rain-Snow,291
17-01-2016,4,2,0,2,1,0,100,88,74,1029,1025,1019,31,11,1,24,11,,2.03,7,Rain-Snow,114
18-01-2016,5,2,-1,3,0,-5,88,78,62,1019,1015,1013,31,13,10,23,16,,0,6,Rain,117
19-01-2016,5,1,-3,-1,-4,-9,93,69,29,1019,1017,1015,31,11,8,8,3,,0,,,356
20-01-2016,7,1,-5,1,-2,-5,95,82,54,1022,1020,1019,27,9,5,14,5,,0,,,22
21-01-2016,8,2,-3,2,1,-3,100,81,50,1022,1021,1020,26,10,5,19,11,,0,8,,140
22-01-2016,11,7,3,10,6,2,100,85,73,1024,1017,1014,31,11,6,26,18,,3.05,7,Rain,194
23-01-2016,11,8,4,9,6,3,100,91,82,1031,1029,1024,18,8,3,24,13,35,1.02,5,Fog-Rain,202
24-01-2016,15,11,8,13,11,8,100,92,82,1027,1026,1024,31,11,3,23,16,35,0,7,Rain,204
25-01-2016,13,11,7,11,8,5,94,79,64,1025,1020,1017,31,13,10,37,18,45,0,6,,203
26-01-2016,12,8,5,11,7,4,97,87,65,1024,1016,1011,18,10,5,45,23,55,3.05,6,Rain,212
27-01-2016,13,10,7,12,9,3,96,86,70,1017,1009,1005,31,12,2,45,32,61,2.03,6,Rain,235
28-01-2016,10,6,2,6,2,0,87,73,49,1026,1023,1017,31,14,10,37,18,53,0,5,,232
29-01-2016,12,10,7,11,8,7,95,82,67,1022,1017,1011,31,12,5,47,34,61,0.51,7,Rain,230
30-01-2016,8,7,4,11,3,-3,98,71,33,1012,1010,1008,31,13,3,37,27,39,0,4,Rain,254
31-01-2016,13,9,4,12,7,1,100,84,76,1013,1009,1005,31,12,3,39,18,55,1.02,7,Rain,232
01-02-2016,14,12,9,11,7,3,84,71,52,1016,1015,1014,27,12,10,45,32,64,0,7,Rain,246
02-02-2016,10,8,5,5,2,-1,81,65,37,1017,1015,1014,31,13,8,42,29,,0.25,3,Rain,254
03-02-2016,9,6,2,3,1,-1,91,72,41,1029,1022,1017,31,14,10,34,18,,0,5,Rain,275
04-02-2016,14,8,3,9,7,2,92,80,61,1029,1025,1022,31,11,6,32,19,,0,6,Rain,259
05-02-2016,11,10,9,10,8,6,97,83,71,1026,1018,1009,31,13,3,34,21,47,0.25,7,Rain,220
06-02-2016,12,9,6,9,8,4,97,83,62,1009,998,986,31,11,5,48,29,74,0.25,7,Rain,200
07-02-2016,10,8,5,9,4,1,97,77,44,995,992,985,29,12,2,47,23,66,0.25,5,Rain,219
08-02-2016,9,8,6,7,3,0,90,70,55,995,987,983,19,11,5,60,39,80,2.03,4,Rain,240
09-02-2016,8,5,2,3,1,-2,87,74,42,995,988,985,31,14,6,37,19,55,0.51,4,Rain,246
10-02-2016,8,5,2,4,2,0,93,77,57,1004,997,990,31,12,6,26,18,,0.51,6,Rain,280
11-02-2016,9,4,-1,2,0,-2,100,79,40,1005,1004,1000,31,12,6,16,5,,0.25,3,,234
12-02-2016,7,3,0,5,2,0,96,85,70,1000,995,994,31,13,10,23,10,,0,6,,94
13-02-2016,5,3,2,3,2,0,95,87,78,994,987,983,26,9,5,26,14,,2.03,7,Rain,62
14-02-2016,6,3,1,3,-1,-5,96,74,38,1012,997,988,31,10,5,27,11,39,0,4,Rain,16
15-02-2016,7,3,0,0,-1,-2,87,71,43,1035,1025,1012,31,14,10,23,11,,0,3,,347
16-02-2016,8,2,-3,2,-1,-3,98,76,44,1036,1033,1027,31,12,7,23,8,40,0,4,,197
17-02-2016,6,3,0,4,1,-2,100,79,54,1028,1016,1009,31,13,6,26,13,35,3.05,7,Rain,174
18-02-2016,8,5,1,4,0,-5,99,73,30,1018,1014,1009,31,11,5,16,11,,0.25,5,Rain,289
19-02-2016,10,4,-2,8,3,-2,100,83,52,1019,1015,1008,31,12,5,32,13,,0.25,6,Rain,210
20-02-2016,13,10,7,11,8,5,97,83,58,1011,1009,1008,26,12,7,50,27,60,2.03,6,Rain,251
21-02-2016,14,13,11,12,10,9,96,81,72,1012,1010,1007,26,11,6,42,32,60,0,8,Rain,244
22-02-2016,9,7,4,11,4,-1,100,73,39,1013,1009,1007,31,11,3,34,19,,0.76,6,Rain,284
23-02-2016,9,6,2,3,1,-2,87,67,41,1021,1017,1012,31,14,10,14,10,,0,4,Rain,325
24-02-2016,8,3,-2,0,-3,-5,93,65,31,1021,1018,1015,31,12,9,13,3,,0,3,,355
25-02-2016,7,2,-2,0,-3,-6,87,68,33,1018,1017,1015,31,12,9,14,6,,0,5,,294
26-02-2016,8,4,0,1,-2,-3,81,63,35,1016,1010,1007,31,13,10,23,8,,0,5,,116
27-02-2016,6,4,3,1,-2,-4,75,59,36,1016,1011,1007,31,13,9,27,13,,0,6,,56
28-02-2016,8,5,2,1,-2,-4,75,60,30,1027,1021,1016,31,13,10,27,16,,0,5,,46
29-02-2016,9,4,0,1,-1,-2,93,65,33,1028,1026,1024,31,13,10,21,8,,0,4,Rain,108
01-03-2016,13,8,4,11,6,1,99,84,66,1024,1011,1003,31,11,3,37,24,55,4.06,7,Rain,225
02-03-2016,7,6,3,5,2,-1,94,75,45,1004,999,994,31,12,4,50,27,71,3.05,4,Rain-Thunderstorm,267
03-03-2016,9,6,3,6,2,-1,93,70,40,1008,1003,993,31,13,6,34,23,50,0.51,5,Rain,263
04-03-2016,8,4,1,7,0,-2,97,71,40,994,991,990,31,12,6,39,19,,0,4,Rain,251
05-03-2016,7,3,-1,2,1,-2,93,82,61,1006,1000,994,31,11,5,26,8,,0.51,6,Rain-Snow,326
06-03-2016,6,3,1,1,-1,-2,93,72,49,1007,1006,1004,31,12,7,21,11,,0,4,Rain,306
07-03-2016,8,4,0,-1,-3,-4,82,60,36,1015,1010,1005,31,12,10,23,11,34,0,4,,322
08-03-2016,9,3,-2,7,0,-5,97,75,52,1016,1013,1002,31,13,5,26,11,,0.25,6,Rain,220
09-03-2016,11,8,6,8,6,4,98,88,62,1010,996,986,31,9,4,32,18,48,8.89,6,Rain,79
10-03-2016,9,7,3,6,4,2,100,86,62,1026,1019,1010,19,8,2,11,8,,0.25,6,Rain,356
11-03-2016,11,6,-1,6,2,-1,100,82,41,1030,1028,1026,8,4,0,13,5,,0,3,Fog,71
12-03-2016,11,7,3,5,3,0,100,80,40,1033,1031,1029,10,3,0,11,5,,0,5,Fog,87
13-03-2016,11,7,3,4,2,1,99,77,39,1035,1034,1033,23,7,1,21,10,,0,5,Fog,63
14-03-2016,12,8,3,3,-1,-8,87,60,14,1035,1032,1030,27,10,6,32,19,,0,7,,64
15-03-2016,9,6,2,6,4,0,93,83,70,1032,1030,1029,18,9,6,21,10,,0,7,,40
16-03-2016,10,8,5,6,2,-1,96,69,38,1031,1029,1028,31,12,5,26,16,,0,6,Rain,58
17-03-2016,12,7,2,4,1,-1,96,68,32,1031,1030,1028,23,9,5,21,11,,0,1,,50
18-03-2016,7,4,1,6,3,0,100,84,72,1029,1027,1025,31,10,1,21,10,,0,8,Fog-Rain,35
19-03-2016,9,7,6,4,2,1,81,71,60,1027,1026,1026,31,12,10,19,14,,0,8,Rain,46
20-03-2016,11,8,5,5,3,1,96,71,45,1027,1025,1023,31,14,6,16,11,,0,7,Rain,39
21-03-2016,12,9,5,6,3,0,88,68,39,1025,1023,1021,31,12,5,19,6,,0,7,,312
22-03-2016,14,7,1,3,2,0,95,66,35,1021,1018,1016,31,12,5,11,5,,0,4,,314
23-03-2016,10,8,6,3,2,1,81,63,44,1018,1017,1016,23,10,7,16,6,,0,8,,307
24-03-2016,11,8,5,8,5,1,100,80,59,1016,1013,1009,23,9,5,27,13,,1.02,6,Rain,235
25-03-2016,15,11,7,8,4,1,100,67,33,1016,1013,1009,31,12,3,21,13,,0,5,Fog-Rain,269
26-03-2016,14,10,6,12,7,3,99,85,69,1015,1004,996,31,11,4,45,21,64,0.25,7,Rain,190
27-03-2016,11,8,5,8,5,3,93,80,52,1001,999,988,31,12,3,42,23,69,6.1,5,Rain-Thunderstorm,201
28-03-2016,13,8,4,8,4,-1,93,75,31,998,988,974,31,10,3,66,40,97,2.03,5,Rain,230
29-03-2016,12,8,4,6,3,-2,94,73,32,1005,1002,998,31,12,8,34,19,52,4.06,4,Rain-Thunderstorm,234
30-03-2016,13,9,4,4,3,1,94,69,34,1012,1008,1005,31,13,10,27,14,,0,2,Rain,250
31-03-2016,13,9,4,3,2,-1,82,62,31,1019,1015,1012,31,13,10,14,8,,0,5,,6
01-04-2016,13,7,1,5,2,0,97,69,35,1021,1019,1016,31,11,5,27,10,,0,3,,174
02-04-2016,14,11,8,8,3,-2,98,62,26,1016,1012,1007,31,11,2,24,13,,0.25,6,Rain,159
03-04-2016,15,11,7,11,7,5,100,79,44,1007,1005,1002,31,9,1,19,13,,0.51,4,Rain-Thunderstorm,158
04-04-2016,13,11,8,9,7,5,95,80,59,1004,1002,1001,31,13,9,27,14,45,0.25,5,Rain,178
05-04-2016,15,11,7,8,5,1,98,67,27,1011,1007,1004,31,11,5,24,13,,0,2,Rain,261
06-04-2016,13,9,5,8,3,0,96,68,35,1011,1007,1005,31,12,3,47,23,58,1.02,5,Rain,245
07-04-2016,12,8,4,7,4,1,94,78,62,1013,1009,1007,31,12,3,27,21,,3.05,5,Rain,262
08-04-2016,14,9,4,7,4,3,100,76,45,1013,1011,1007,31,14,10,19,11,,0,4,Rain,254
09-04-2016,11,8,4,7,4,1,98,75,39,1007,1003,1001,31,13,5,24,16,42,1.02,5,Rain,220
10-04-2016,13,7,1,7,2,-4,93,67,23,1009,1007,1006,31,13,10,34,13,,1.02,4,Rain,106
11-04-2016,14,11,8,11,8,7,97,82,63,1007,1006,1005,23,9,5,19,11,,2.03,5,Rain,112
12-04-2016,17,12,7,9,6,2,97,68,29,1007,1006,1005,31,12,10,24,11,39,0,4,Rain,215
13-04-2016,18,11,3,7,4,1,99,63,24,1010,1008,1007,31,12,8,21,6,,0.51,,Fog-Rain,227
14-04-2016,17,12,8,8,6,4,87,65,39,1011,1009,1005,31,13,9,21,10,45,0.51,3,Rain,185
15-04-2016,13,11,8,10,8,7,97,90,69,1006,1001,997,29,10,1,16,6,,16,6,Rain,308
16-04-2016,9,7,4,8,2,-2,98,75,35,1011,1004,999,31,12,6,19,13,,0.25,5,Rain,326
17-04-2016,12,6,0,2,-1,-4,94,61,22,1020,1016,1011,29,11,9,14,8,,0,3,,296
18-04-2016,13,8,3,6,3,-1,87,64,43,1025,1022,1020,31,12,10,27,14,,0,7,,259
19-04-2016,16,12,8,7,4,1,87,59,26,1031,1028,1025,31,14,10,23,11,,0,7,,6
20-04-2016,14,9,4,5,3,0,93,65,35,1031,1030,1027,31,13,10,26,14,,0,1,,75
21-04-2016,17,11,6,7,4,0,94,64,29,1027,1024,1021,31,12,7,27,16,,0,3,,67
22-04-2016,11,8,6,8,4,1,93,73,51,1024,1021,1019,31,13,8,23,16,,2.03,6,Rain,65
23-04-2016,11,7,3,6,1,-4,93,64,30,1021,1020,1019,31,13,9,21,11,,0,3,Rain,4
24-04-2016,10,7,3,5,1,-3,88,63,31,1021,1020,1018,31,13,10,21,10,,0.25,6,Rain,327
25-04-2016,12,8,4,7,4,2,89,75,40,1019,1011,1006,31,13,10,24,14,,0.51,5,Rain,291
26-04-2016,11,7,2,3,-1,-4,87,62,27,1010,1008,1007,31,12,10,26,16,37,0.25,3,Rain,306
27-04-2016,12,7,1,2,-1,-6,93,61,18,1014,1012,1010,31,13,10,26,11,,0,3,Fog-Rain,304
28-04-2016,12,6,0,6,1,-4,97,65,25,1015,1013,1009,31,12,6,32,13,50,1.02,5,Rain,252
29-04-2016,12,8,4,6,1,-2,89,61,34,1015,1011,1009,31,12,10,34,23,45,1.02,3,Rain,263
30-04-2016,14,8,1,3,1,-5,88,61,17,1027,1021,1016,31,12,10,23,10,32,0.25,2,Rain,299
01-05-2016,16,9,2,8,3,-2,93,64,23,1029,1027,1026,31,13,10,26,10,42,0,4,Fog-Rain,221
02-05-2016,18,13,8,12,9,5,100,80,52,1026,1021,1017,27,12,5,34,21,45,0.51,6,Rain,222
03-05-2016,16,10,4,6,3,0,93,60,26,1028,1025,1022,31,12,10,23,13,,0,2,,277
04-05-2016,17,11,4,6,3,-2,88,53,24,1028,1026,1024,31,13,10,21,10,39,0,1,,201
05-05-2016,21,13,6,6,2,-2,71,45,18,1024,1020,1016,31,13,10,23,10,,0,,,113
06-05-2016,23,16,8,10,6,3,81,52,24,1016,1011,1007,31,13,6,16,8,,0,,,92
07-05-2016,24,18,13,13,10,6,82,58,29,1008,1007,1005,31,9,5,27,10,,0,1,,115
08-05-2016,27,20,13,12,8,5,77,47,19,1008,1007,1006,31,13,10,32,13,40,0,,,96
09-05-2016,24,19,14,16,11,8,97,61,30,1009,1008,1007,31,13,7,29,14,,0.25,5,Rain,82
10-05-2016,17,16,15,17,15,14,100,93,84,1009,1006,1005,11,6,2,19,10,,7.87,6,Rain,78
11-05-2016,19,17,14,17,15,14,100,92,82,1005,1003,1002,27,6,1,16,8,,3.05,5,Fog-Rain,78
12-05-2016,24,18,12,15,12,8,100,71,27,1005,1002,1001,29,9,2,26,11,,0,4,Rain,28
13-05-2016,17,13,9,11,8,4,94,75,54,1016,1010,1006,23,11,7,24,16,39,0,6,,25
14-05-2016,14,11,7,5,2,0,76,53,29,1023,1020,1016,31,14,10,16,13,,0,6,,20
15-05-2016,17,11,5,7,4,1,93,58,23,1023,1022,1021,31,14,7,19,8,,0,3,,294
16-05-2016,18,13,8,9,7,5,93,64,31,1022,1021,1019,31,13,9,16,10,,0,3,,332
17-05-2016,18,13,8,11,8,7,96,73,39,1020,1016,1011,31,12,5,27,13,,0,6,Rain,250
18-05-2016,14,12,11,12,10,9,100,85,71,1011,1005,1002,31,14,5,23,16,,4.06,5,Rain,222
19-05-2016,19,14,9,12,9,6,94,75,37,1014,1011,1006,31,13,6,27,14,42,0,7,Rain,262
20-05-2016,19,16,13,13,10,8,95,71,43,1016,1014,1013,31,14,6,34,19,,0,5,Rain,230
21-05-2016,18,15,12,14,12,10,100,82,59,1013,1009,1006,31,13,4,29,21,52,0.25,6,Rain,205
22-05-2016,18,14,11,12,9,7,94,72,37,1012,1008,1006,31,12,5,23,11,,3.05,2,Rain,282
23-05-2016,19,14,9,10,7,5,82,63,30,1022,1017,1012,31,12,10,21,11,34,1.02,3,Rain,329
24-05-2016,17,12,7,9,6,3,96,64,33,1023,1021,1019,31,13,10,23,10,,0,4,,41
25-05-2016,12,11,9,8,6,3,86,73,57,1021,1018,1016,31,14,3,14,10,,0,7,Rain,15
26-05-2016,21,14,7,11,8,6,100,66,30,1017,1016,1014,31,13,7,21,6,,0,4,,69
27-05-2016,22,17,11,13,9,7,88,65,35,1017,1016,1015,31,13,6,21,11,,0,4,Rain,75
28-05-2016,21,16,10,12,10,8,94,69,43,1017,1015,1013,26,10,6,16,11,,0,4,Rain,54
29-05-2016,19,14,9,12,9,7,93,74,53,1016,1013,1013,31,12,8,19,13,,0,5,,18
30-05-2016,18,14,12,12,10,8,89,75,51,1016,1016,1015,31,12,9,23,16,45,0,7,,360
31-05-2016,13,12,11,12,9,7,96,84,58,1020,1016,1014,31,12,5,26,18,45,11.94,7,Rain,353
01-06-2016,13,12,11,12,11,10,96,89,82,1022,1021,1019,31,12,9,23,16,35,0,8,Rain,9
02-06-2016,13,12,10,11,8,7,94,81,67,1022,1021,1020,31,13,10,24,18,39,0,8,Thunderstorm,19
03-06-2016,14,12,9,11,8,7,94,80,65,1020,1018,1016,31,13,5,16,11,,0,8,,16
04-06-2016,19,16,12,16,13,11,99,86,73,1019,1017,1016,16,9,3,11,6,,0,8,,8
05-06-2016,24,18,12,16,13,10,100,75,48,1022,1020,1019,24,11,4,14,10,,0,5,,47
06-06-2016,25,18,12,13,8,-2,98,56,21,1022,1022,1020,31,11,6,21,11,,0,1,,81
07-06-2016,24,18,12,19,13,5,96,67,42,1024,1023,1022,27,12,4,14,6,,4.06,3,Rain-Thunderstorm,89
08-06-2016,26,20,14,18,16,12,99,81,46,1024,1024,1023,31,10,3,16,6,,1.02,2,Rain-Thunderstorm,22
09-06-2016,23,18,13,14,12,11,99,72,38,1024,1021,1018,31,11,4,14,10,,0.25,7,,82
10-06-2016,24,19,13,15,11,6,97,65,30,1018,1014,1011,31,12,9,21,6,,0,3,Rain-Thunderstorm,157
11-06-2016,22,19,16,16,14,12,94,73,44,1011,1011,1010,31,11,6,21,6,,0,2,Rain,248
12-06-2016,21,18,14,17,14,12,100,86,69,1010,1007,1004,31,11,5,19,13,29,4.06,5,Rain,224
13-06-2016,19,16,13,16,13,12,97,83,63,1005,1002,1000,31,12,6,23,16,,3.05,6,Rain,266
14-06-2016,19,16,13,16,13,10,100,85,64,1001,996,995,31,12,3,26,16,,3.05,4,Rain,235
15-06-2016,20,16,12,15,11,10,98,77,49,1000,996,995,31,12,5,29,14,,3.05,4,Rain,216
16-06-2016,18,15,12,14,12,11,100,85,68,1002,1000,999,31,13,6,14,8,,1.02,5,Rain-Thunderstorm,140
17-06-2016,20,17,13,13,12,11,100,81,53,1014,1007,1002,31,11,6,19,8,,3.05,5,Rain,7
18-06-2016,17,14,12,13,11,10,100,81,58,1024,1019,1014,31,12,6,14,8,,0,6,Rain,303
19-06-2016,20,16,11,16,13,10,100,80,50,1024,1023,1018,31,13,6,26,13,42,2.03,6,Rain,226
20-06-2016,22,19,15,19,16,13,100,88,56,1019,1014,1011,23,9,3,32,21,,10.92,5,Rain,238
21-06-2016,22,18,14,14,12,11,89,71,49,1019,1017,1015,31,14,10,24,13,,0,5,,252
22-06-2016,22,18,14,18,16,13,100,86,72,1020,1019,1017,31,11,3,24,11,,2.03,5,Rain-Thunderstorm,187
23-06-2016,21,19,16,21,19,14,100,98,88,1018,1016,1014,31,9,3,21,8,,7.11,6,Rain-Thunderstorm,231
24-06-2016,22,17,11,14,12,10,100,75,44,1019,1018,1017,31,14,10,34,16,,0,4,Rain,239
25-06-2016,20,16,12,13,11,10,95,74,51,1018,1017,1016,31,13,10,24,13,,0.25,3,Rain,273
26-06-2016,21,17,12,15,12,10,100,79,45,1019,1017,1016,31,14,4,27,14,,0.51,5,Rain,270
27-06-2016,22,18,14,16,12,8,100,72,34,1020,1017,1015,31,12,3,21,14,32,0,6,Rain,285
28-06-2016,21,16,11,14,10,7,100,70,36,1020,1014,1006,31,14,6,26,10,,1.02,5,Rain,215
29-06-2016,17,13,11,14,12,9,100,88,67,1011,1009,1007,31,12,10,32,21,,0.51,5,Rain,228
30-06-2016,20,17,13,14,13,12,100,79,51,1010,1009,1008,31,12,5,29,16,,0.51,5,Rain,225
01-07-2016,19,16,12,15,12,9,100,76,49,1010,1009,1007,31,14,7,34,24,,1.02,6,Rain,238
02-07-2016,21,16,10,11,8,6,88,62,31,1017,1013,1010,31,14,10,34,23,34,0.25,3,Rain,251
03-07-2016,21,16,10,12,11,8,100,69,43,1020,1018,1017,31,13,10,21,13,42,0,2,,220
04-07-2016,21,16,11,14,13,11,100,77,46,1021,1019,1016,31,14,6,26,13,39,0,6,,220
05-07-2016,21,18,14,15,11,8,100,65,32,1022,1017,1014,31,13,5,23,18,,0,6,Rain,286
06-07-2016,22,16,10,11,8,6,82,54,29,1024,1023,1021,31,11,10,16,8,,0,5,,280
07-07-2016,23,19,14,14,12,10,77,63,40,1022,1019,1017,31,12,10,21,11,35,0,3,Rain,232
08-07-2016,23,19,14,15,13,12,88,69,43,1020,1016,1014,31,14,10,32,18,42,0,4,Rain,249
09-07-2016,23,19,15,15,14,12,88,68,50,1020,1017,1014,31,13,10,32,18,48,0,4,,221
10-07-2016,23,19,16,18,14,12,100,76,44,1014,1009,1006,31,14,5,35,21,48,0,6,Rain,218
11-07-2016,22,18,15,16,14,12,94,77,52,1011,1008,1005,31,13,3,34,24,48,1.02,6,Rain,228
12-07-2016,19,16,12,15,12,11,100,79,55,1015,1012,1011,31,12,6,24,13,,5.08,4,Rain,268
13-07-2016,20,16,12,11,10,7,88,70,41,1021,1018,1015,31,14,3,24,10,,2.03,5,Rain,303
14-07-2016,22,17,11,11,9,6,88,60,28,1026,1024,1021,31,13,10,16,10,,0,4,Rain,304
15-07-2016,19,15,11,16,12,8,100,74,43,1027,1026,1025,31,12,5,24,14,,0,7,Rain,259
16-07-2016,27,22,17,17,16,15,94,72,46,1026,1025,1023,18,10,10,24,19,,0,5,,259
17-07-2016,27,22,17,17,17,15,94,71,40,1024,1022,1021,31,13,10,27,16,,0,4,Rain,268
18-07-2016,29,22,16,17,13,3,100,60,13,1023,1021,1020,31,12,6,16,8,32,0,1,,234
19-07-2016,33,24,16,18,16,13,94,56,24,1021,1017,1012,31,14,10,23,10,,0,,,116
20-07-2016,31,25,17,18,16,12,78,57,25,1014,1010,1007,31,13,9,32,16,47,0,3,,232
21-07-2016,25,19,14,14,13,11,94,64,32,1018,1016,1014,31,14,10,21,13,,0,4,,287
22-07-2016,24,21,17,17,16,13,100,72,43,1020,1018,1017,31,13,8,10,6,,0.51,2,Rain,249
23-07-2016,28,21,14,17,14,12,100,64,29,1021,1020,1019,31,13,9,21,8,40,0,2,,222
24-07-2016,26,20,14,18,14,12,100,71,40,1021,1019,1017,31,13,4,26,14,34,0.25,6,Rain,234
25-07-2016,24,19,14,19,12,8,100,62,28,1021,1019,1018,31,13,6,24,16,,0,5,Rain,266
26-07-2016,23,18,13,14,12,11,100,65,39,1022,1021,1019,31,12,10,21,13,,0,4,Rain,253
27-07-2016,26,21,17,17,15,12,100,73,44,1019,1015,1014,31,12,6,23,16,40,3.05,5,Rain,235
28-07-2016,23,19,14,17,13,10,94,68,40,1015,1014,1011,29,12,10,23,10,,1.02,5,Rain,237
29-07-2016,23,20,16,17,15,13,100,75,51,1012,1011,1010,31,13,10,23,14,,0.25,6,Rain,252
30-07-2016,22,19,16,14,12,9,88,64,33,1015,1013,1012,31,13,10,13,8,,0,5,Rain,309
31-07-2016,22,18,13,11,9,8,77,55,34,1019,1017,1015,31,11,10,23,8,,0,4,,299
01-08-2016,19,16,12,14,11,8,100,74,48,1020,1019,1013,31,11,6,24,11,,0.76,6,Rain,239
02-08-2016,22,18,14,20,17,14,100,93,73,1013,1010,1009,31,12,3,24,18,,0.25,7,Rain,221
03-08-2016,24,21,17,18,15,12,94,70,42,1010,1008,1006,31,13,10,34,24,,0,5,Rain,231
04-08-2016,23,19,15,13,12,9,88,64,33,1014,1010,1007,31,14,10,32,24,,0,4,,257
05-08-2016,24,18,13,14,12,9,100,67,33,1023,1020,1014,31,12,5,23,14,,0,2,,271
06-08-2016,26,19,12,15,12,10,100,64,29,1028,1026,1024,31,12,10,26,14,,0,1,,254
07-08-2016,27,22,17,18,14,11,100,66,33,1027,1023,1021,31,14,10,35,19,53,0,6,Rain,246
08-08-2016,22,18,14,13,9,5,88,54,26,1024,1022,1020,31,13,10,27,19,,0,5,,288
09-08-2016,21,16,10,8,7,5,87,55,30,1027,1025,1024,29,13,10,19,11,,0,2,,309
10-08-2016,20,16,11,10,8,6,82,58,31,1026,1025,1024,31,14,10,19,11,,0,3,Fog,289
11-08-2016,24,19,14,14,12,10,88,67,40,1024,1022,1021,31,14,10,24,18,,0,4,Rain,275
12-08-2016,27,20,13,15,13,8,94,66,26,1025,1023,1022,31,12,10,29,16,,0,3,,260
13-08-2016,26,20,14,14,12,10,82,62,33,1024,1023,1022,24,10,10,27,18,,0,6,,258
14-08-2016,23,19,15,11,9,8,72,50,31,1026,1025,1024,31,10,10,11,6,,0,7,,21
15-08-2016,24,18,12,12,11,9,88,60,31,1026,1024,1022,31,13,10,21,10,,0,1,,89
16-08-2016,25,19,12,14,11,10,94,66,33,1023,1019,1017,31,13,10,23,10,,0,3,,74
17-08-2016,27,20,13,14,11,8,94,61,22,1017,1013,1011,31,12,9,16,10,,0,2,,75
18-08-2016,25,20,16,15,13,9,88,64,28,1012,1010,1009,31,13,10,19,8,,0,3,Rain,74
19-08-2016,19,17,16,18,16,14,100,86,67,1010,1007,1004,31,10,3,26,14,40,2.03,6,Rain,165
20-08-2016,22,18,14,14,13,11,94,75,44,1009,1006,1005,26,11,8,40,24,61,0.51,5,Rain,215
21-08-2016,23,19,14,17,13,9,100,74,36,1021,1016,1009,31,14,5,34,26,,0.51,6,Rain,247
22-08-2016,26,21,16,17,16,14,100,75,43,1025,1023,1021,31,14,10,29,19,45,0,5,Rain,223
23-08-2016,31,22,13,16,14,12,100,63,25,1025,1022,1019,31,13,10,24,10,27,0,,Fog,150
24-08-2016,33,26,18,19,16,14,88,60,25,1019,1017,1016,31,14,10,23,6,,3.05,1,Rain-Thunderstorm,7
25-08-2016,27,23,18,21,18,17,94,72,47,1017,1015,1013,19,11,6,14,8,,0,2,Rain,351
26-08-2016,27,22,17,21,13,5,100,59,18,1020,1017,1014,23,9,3,16,8,,0,2,Rain,291
27-08-2016,26,21,16,18,15,10,88,67,43,1020,1016,1012,31,12,5,26,10,,0,4,Rain,85
28-08-2016,21,19,16,18,16,14,94,82,64,1016,1013,1011,31,12,5,27,16,34,2.03,5,Rain,228
29-08-2016,24,19,15,16,12,7,94,64,25,1025,1022,1016,31,12,10,14,8,,0,4,,330
30-08-2016,27,20,13,13,12,9,94,60,25,1026,1024,1022,31,14,10,21,8,32,0,,,218
31-08-2016,24,18,12,16,13,11,100,71,40,1022,1021,1020,31,13,8,26,11,,0,5,Fog-Rain,236
01-09-2016,24,19,13,13,12,9,94,67,29,1025,1023,1021,31,13,10,23,11,32,0,3,,247
02-09-2016,20,17,14,17,14,12,100,84,60,1022,1019,1017,31,12,3,23,14,40,0.25,7,Rain,224
03-09-2016,21,17,12,17,14,10,94,83,49,1019,1015,1010,31,13,6,27,14,,4.06,6,Rain,225
04-09-2016,21,14,8,17,14,12,94,75,51,1017,1013,1009,31,12,6,32,21,47,0.25,6,Fog-Rain,254
05-09-2016,23,18,13,20,16,13,100,88,71,1022,1019,1017,31,12,3,16,11,40,0.76,6,Rain,209
06-09-2016,24,21,19,19,18,16,94,82,64,1024,1023,1022,31,12,7,14,11,,0,7,Rain,226
07-09-2016,28,23,18,18,16,13,88,68,32,1023,1018,1012,31,13,9,16,6,,0,7,Rain,146
08-09-2016,24,19,15,15,12,9,88,63,32,1016,1011,1007,31,13,10,32,14,45,0,3,,238
09-09-2016,24,19,15,17,14,12,94,74,48,1016,1015,1014,31,13,8,32,18,47,0,5,Rain,201
10-09-2016,19,16,13,18,16,11,100,87,68,1015,1013,1011,27,11,3,24,16,45,3.05,6,Rain,214
11-09-2016,22,15,8,11,9,7,100,70,29,1019,1017,1015,31,13,10,19,10,,0.25,1,Fog,210
12-09-2016,26,18,11,16,14,9,97,74,48,1015,1013,1012,31,12,10,21,10,,0,3,Rain,156
13-09-2016,33,24,16,17,16,13,94,62,25,1012,1009,1008,31,13,10,23,10,,0,,,81
14-09-2016,28,23,18,18,16,13,83,63,38,1013,1010,1008,31,12,9,24,11,,0,1,,134
15-09-2016,29,22,16,18,16,14,94,74,38,1012,1010,1008,31,12,5,21,8,37,0,4,Thunderstorm,3
16-09-2016,18,16,14,17,13,9,100,81,49,1018,1012,1009,31,11,2,23,13,,8.89,6,Rain-Thunderstorm,292
17-09-2016,16,14,13,13,11,10,88,79,72,1022,1020,1018,31,14,6,19,14,,0,8,Rain,330
18-09-2016,21,17,14,14,13,12,100,77,52,1023,1021,1020,31,12,5,11,8,,0,8,,324
19-09-2016,19,16,13,15,13,12,100,82,54,1022,1022,1021,31,12,6,11,6,,2.03,3,Rain,295
20-09-2016,19,17,14,15,13,11,100,82,55,1022,1020,1019,31,11,5,11,5,,0,6,Rain,8
21-09-2016,22,18,14,15,13,11,94,73,44,1020,1018,1017,31,12,6,23,8,,0,3,,144
22-09-2016,21,17,13,15,13,8,100,78,55,1022,1019,1018,31,11,4,24,10,,0,5,Rain,223
23-09-2016,21,14,9,9,8,6,93,64,29,1026,1024,1022,31,13,10,19,10,,0,4,,219
24-09-2016,23,16,9,13,11,8,95,66,34,1023,1017,1011,31,13,10,32,14,40,0,5,,169
25-09-2016,21,16,11,15,11,7,94,66,36,1021,1014,1009,31,13,10,32,19,37,0,3,Rain,223
26-09-2016,18,14,9,12,10,8,94,77,49,1023,1022,1021,31,13,5,24,10,32,0.76,2,Rain,184
27-09-2016,19,14,9,16,13,8,94,84,67,1025,1022,1021,31,14,9,27,13,,0,6,,191
28-09-2016,23,17,12,16,13,11,100,80,55,1025,1024,1020,23,10,6,27,18,45,0,6,,233
29-09-2016,20,17,12,16,12,7,94,74,35,1020,1015,1013,31,13,5,34,24,,2.03,6,Rain,246
30-09-2016,19,14,10,11,9,7,100,72,38,1014,1012,1010,31,13,10,29,16,45,2.03,4,Rain,226
01-10-2016,16,12,9,12,10,8,100,88,53,1010,1006,1004,31,12,2,19,8,,4.06,5,Fog-Rain-Thunderstorm,215
02-10-2016,17,12,8,9,8,5,95,76,38,1024,1016,1009,29,13,6,14,10,,0,5,Rain,316
03-10-2016,18,12,5,9,6,2,100,70,22,1030,1028,1024,31,12,2,13,5,,0,1,,71
04-10-2016,19,14,9,12,10,7,100,77,47,1031,1030,1029,31,12,10,32,13,,0,3,,77
05-10-2016,17,14,10,11,7,4,82,63,35,1031,1029,1028,31,14,10,35,21,55,0,2,,88
06-10-2016,16,12,8,7,5,3,87,61,32,1029,1025,1022,31,14,10,27,13,,0,6,,59
07-10-2016,15,13,11,11,9,7,88,77,60,1024,1022,1021,31,13,10,16,8,,0,7,Rain,53
08-10-2016,17,14,11,12,10,9,94,80,52,1028,1026,1024,31,14,10,16,8,,0,5,Rain,11
09-10-2016,16,12,8,9,7,6,88,73,43,1029,1028,1027,31,13,10,16,10,,0.25,4,Rain,9
10-10-2016,14,10,6,8,6,4,100,77,42,1029,1026,1024,31,13,10,14,8,,0,4,Rain,360
11-10-2016,17,11,4,8,6,5,100,76,36,1025,1023,1021,31,12,10,14,6,,0.25,3,Rain,47
12-10-2016,16,12,9,10,8,6,100,79,48,1022,1020,1018,31,12,5,23,10,,2.03,4,Rain,46
13-10-2016,13,11,8,9,7,5,100,78,49,1018,1013,1009,29,12,5,23,13,,0,6,Rain,63
14-10-2016,15,12,9,8,8,7,87,74,51,1009,1006,1005,27,12,7,16,10,,0,5,Rain,60
15-10-2016,18,13,8,11,9,7,94,81,41,1011,1006,1004,29,10,4,23,10,,4.06,5,Rain,148
16-10-2016,18,13,7,13,11,7,100,86,57,1015,1012,1009,31,13,0,27,14,35,6.1,4,Fog-Rain,163
17-10-2016,17,13,9,12,10,8,100,85,47,1021,1018,1015,31,13,10,26,11,,2.03,2,Rain,212
18-10-2016,14,11,9,10,7,3,94,74,37,1021,1020,1017,31,13,10,29,16,,0,4,Rain,258
19-10-2016,13,11,9,7,7,5,87,71,54,1022,1021,1021,31,12,10,21,16,,0,4,Fog,300
20-10-2016,14,11,8,9,7,6,93,78,51,1022,1021,1020,31,14,10,21,10,,0,4,Rain,337
21-10-2016,13,10,7,8,7,7,94,80,54,1022,1020,1019,31,13,10,14,10,,0,4,,351
22-10-2016,14,10,5,8,7,5,100,83,52,1019,1016,1014,31,11,5,14,6,,0,3,Rain,17
23-10-2016,13,9,6,7,6,5,100,79,50,1014,1012,1010,29,11,6,24,10,,0,3,,59
24-10-2016,13,11,9,9,7,6,88,75,57,1018,1013,1010,23,11,6,16,11,,0,6,Fog-Rain,58
25-10-2016,14,12,9,10,9,8,94,86,68,1026,1022,1018,11,7,5,8,5,,0.51,6,Rain,51
26-10-2016,16,12,9,12,11,8,100,89,60,1031,1028,1026,31,9,0,23,10,,0,5,Fog-Rain,239
27-10-2016,16,12,8,11,9,8,100,86,56,1033,1032,1031,31,9,0,24,11,,0,6,Fog-Thunderstorm,239
28-10-2016,17,13,10,12,11,9,94,79,63,1036,1034,1031,31,14,8,24,16,,0,7,,262
29-10-2016,15,13,11,13,12,10,100,88,73,1036,1034,1032,18,8,2,10,5,,0,7,Rain,239
30-10-2016,12,10,8,11,10,7,100,96,82,1033,1030,1029,10,2,0,13,5,,0,7,Fog-Rain,56
31-10-2016,19,13,8,12,11,9,100,88,48,1029,1027,1026,14,3,0,8,5,,0,5,Fog,53
